,Symbol,Volume,Date,Type,ClosingDate
0,10104,17.0,2024-01-31,Buy,2024-02-29
1,10107,5.0,2024-01-31,Buy,2024-02-29
2,10138,17.0,2024-01-31,Buy,2024-02-29
3,10145,9.0,2024-01-31,Buy,2024-02-29
4,10516,35.0,2024-01-31,Buy,2024-02-29
5,10696,14.0,2024-01-31,Buy,2024-02-29
6,11308,33.0,2024-01-31,Buy,2024-02-29
7,11403,6.0,2024-01-31,Buy,2024-02-29
8,11404,22.0,2024-01-31,Buy,2024-02-29
9,11533,1.0,2024-01-31,Buy,2024-02-29
10,11600,57.0,2024-01-31,Buy,2024-02-29
11,11618,29.0,2024-01-31,Buy,2024-02-29
12,11674,18.0,2024-01-31,Buy,2024-02-29
13,11762,8.0,2024-01-31,Buy,2024-02-29
14,11850,19.0,2024-01-31,Buy,2024-02-29
15,11891,43.0,2024-01-31,Buy,2024-02-29
16,11955,10.0,2024-01-31,Buy,2024-02-29
17,12052,7.0,2024-01-31,Buy,2024-02-29
18,12060,15.0,2024-01-31,Buy,2024-02-29
19,12062,8.0,2024-01-31,Buy,2024-02-29
20,12084,9.0,2024-01-31,Buy,2024-02-29
21,12308,5.0,2024-01-31,Buy,2024-02-29
22,12345,21.0,2024-01-31,Buy,2024-02-29
23,12369,48.0,2024-01-31,Buy,2024-02-29
24,12431,7.0,2024-01-31,Buy,2024-02-29
25,12449,6.0,2024-01-31,Buy,2024-02-29
26,12476,23.0,2024-01-31,Buy,2024-02-29
27,12490,10.0,2024-01-31,Buy,2024-02-29
28,12558,118.0,2024-01-31,Buy,2024-02-29
29,12622,6.0,2024-01-31,Buy,2024-02-29
30,12623,7.0,2024-01-31,Buy,2024-02-29
31,12872,12.0,2024-01-31,Buy,2024-02-29
32,13035,17.0,2024-01-31,Buy,2024-02-29
33,13103,23.0,2024-01-31,Buy,2024-02-29
34,13210,6.0,2024-01-31,Buy,2024-02-29
35,13323,18.0,2024-01-31,Buy,2024-02-29
36,13356,13.0,2024-01-31,Buy,2024-02-29
37,13407,4.0,2024-01-31,Buy,2024-02-29
38,13447,2.0,2024-01-31,Buy,2024-02-29
39,13511,5.0,2024-01-31,Buy,2024-02-29
40,13586,27.0,2024-01-31,Buy,2024-02-29
41,13641,13.0,2024-01-31,Buy,2024-02-29
42,13688,118.0,2024-01-31,Buy,2024-02-29
43,13721,12.0,2024-01-31,Buy,2024-02-29
44,13760,106.0,2024-01-31,Buy,2024-02-29
45,13788,10.0,2024-01-31,Buy,2024-02-29
46,13856,11.0,2024-01-31,Buy,2024-02-29
47,13901,49.0,2024-01-31,Buy,2024-02-29
48,13911,9.0,2024-01-31,Buy,2024-02-29
49,13928,17.0,2024-01-31,Buy,2024-02-29
50,13949,8.0,2024-01-31,Buy,2024-02-29
51,13963,81.0,2024-01-31,Buy,2024-02-29
52,13964,78.0,2024-01-31,Buy,2024-02-29
53,14008,6.0,2024-01-31,Buy,2024-02-29
54,14277,41.0,2024-01-31,Buy,2024-02-29
55,14297,16.0,2024-01-31,Buy,2024-02-29
56,14338,10.0,2024-01-31,Buy,2024-02-29
57,14541,13.0,2024-01-31,Buy,2024-02-29
58,14542,13.0,2024-01-31,Buy,2024-02-29
59,14579,9.0,2024-01-31,Buy,2024-02-29
60,14593,10.0,2024-01-31,Buy,2024-02-29
61,14702,11.0,2024-01-31,Buy,2024-02-29
62,14714,7.0,2024-01-31,Buy,2024-02-29
63,14763,36.0,2024-01-31,Buy,2024-02-29
64,14776,48.0,2024-01-31,Buy,2024-02-29
65,14882,41.0,2024-01-31,Buy,2024-02-29
66,14889,58.0,2024-01-31,Buy,2024-02-29
67,14939,13.0,2024-01-31,Buy,2024-02-29
68,15069,87.0,2024-01-31,Buy,2024-02-29
69,15202,8.0,2024-01-31,Buy,2024-02-29
70,15291,28.0,2024-01-31,Buy,2024-02-29
71,15408,56.0,2024-01-31,Buy,2024-02-29
72,15488,30.0,2024-01-31,Buy,2024-02-29
73,15579,12.0,2024-01-31,Buy,2024-02-29
74,15707,130.0,2024-01-31,Buy,2024-02-29
75,15720,29.0,2024-01-31,Buy,2024-02-29
76,15850,49.0,2024-01-31,Buy,2024-02-29
77,16087,25.0,2024-01-31,Buy,2024-02-29
78,16431,19.0,2024-01-31,Buy,2024-02-29
79,16581,60.0,2024-01-31,Buy,2024-02-29
80,16600,10.0,2024-01-31,Buy,2024-02-29
81,16678,45.0,2024-01-31,Buy,2024-02-29
82,16692,25.0,2024-01-31,Buy,2024-02-29
83,16851,32.0,2024-01-31,Buy,2024-02-29
84,17005,26.0,2024-01-31,Buy,2024-02-29
85,17144,32.0,2024-01-31,Buy,2024-02-29
86,17307,66.0,2024-01-31,Buy,2024-02-29
87,17478,4.0,2024-01-31,Buy,2024-02-29
88,17700,27.0,2024-01-31,Buy,2024-02-29
89,17743,24.0,2024-01-31,Buy,2024-02-29
90,17750,16.0,2024-01-31,Buy,2024-02-29
91,17830,21.0,2024-01-31,Buy,2024-02-29
92,17942,63.0,2024-01-31,Buy,2024-02-29
93,18143,4.0,2024-01-31,Buy,2024-02-29
94,18163,12.0,2024-01-31,Buy,2024-02-29
95,18312,19.0,2024-01-31,Buy,2024-02-29
96,18411,28.0,2024-01-31,Buy,2024-02-29
97,18420,61.0,2024-01-31,Buy,2024-02-29
98,18421,66.0,2024-01-31,Buy,2024-02-29
99,18428,37.0,2024-01-31,Buy,2024-02-29
100,18542,6.0,2024-01-31,Buy,2024-02-29
101,18576,29.0,2024-01-31,Buy,2024-02-29
102,18592,43.0,2024-01-31,Buy,2024-02-29
103,18724,212.0,2024-01-31,Buy,2024-02-29
104,18729,24.0,2024-01-31,Buy,2024-02-29
105,19166,35.0,2024-01-31,Buy,2024-02-29
106,19285,36.0,2024-01-31,Buy,2024-02-29
107,19286,22.0,2024-01-31,Buy,2024-02-29
108,19350,5.0,2024-01-31,Buy,2024-02-29
109,19393,42.0,2024-01-31,Buy,2024-02-29
110,19502,88.0,2024-01-31,Buy,2024-02-29
111,19561,9.0,2024-01-31,Buy,2024-02-29
112,19583,120.0,2024-01-31,Buy,2024-02-29
113,20057,169.0,2024-01-31,Buy,2024-02-29
114,20190,13.0,2024-01-31,Buy,2024-02-29
115,20482,17.0,2024-01-31,Buy,2024-02-29
116,21020,133.0,2024-01-31,Buy,2024-02-29
117,21178,4.0,2024-01-31,Buy,2024-02-29
118,21186,49.0,2024-01-31,Buy,2024-02-29
119,21207,57.0,2024-01-31,Buy,2024-02-29
120,21371,18.0,2024-01-31,Buy,2024-02-29
121,21573,55.0,2024-01-31,Buy,2024-02-29
122,21776,57.0,2024-01-31,Buy,2024-02-29
123,21792,71.0,2024-01-31,Buy,2024-02-29
124,21936,73.0,2024-01-31,Buy,2024-02-29
125,22103,21.0,2024-01-31,Buy,2024-02-29
126,22111,13.0,2024-01-31,Buy,2024-02-29
127,22293,61.0,2024-01-31,Buy,2024-02-29
128,22509,14.0,2024-01-31,Buy,2024-02-29
129,22517,76.0,2024-01-31,Buy,2024-02-29
130,22592,21.0,2024-01-31,Buy,2024-02-29
131,22623,16.0,2024-01-31,Buy,2024-02-29
132,22752,17.0,2024-01-31,Buy,2024-02-29
133,22779,6.0,2024-01-31,Buy,2024-02-29
134,22976,189.0,2024-01-31,Buy,2024-02-29
135,23026,54.0,2024-01-31,Buy,2024-02-29
136,23229,34.0,2024-01-31,Buy,2024-02-29
137,23393,21.0,2024-01-31,Buy,2024-02-29
138,23473,18.0,2024-01-31,Buy,2024-02-29
139,23536,24.0,2024-01-31,Buy,2024-02-29
140,23570,28.0,2024-01-31,Buy,2024-02-29
141,23579,23.0,2024-01-31,Buy,2024-02-29
142,23660,3.0,2024-01-31,Buy,2024-02-29
143,23712,34.0,2024-01-31,Buy,2024-02-29
144,23819,56.0,2024-01-31,Buy,2024-02-29
145,23876,101.0,2024-01-31,Buy,2024-02-29
146,23931,33.0,2024-01-31,Buy,2024-02-29
147,24010,20.0,2024-01-31,Buy,2024-02-29
148,24053,39.0,2024-01-31,Buy,2024-02-29
149,24109,25.0,2024-01-31,Buy,2024-02-29
150,24174,27.0,2024-01-31,Buy,2024-02-29
151,24205,34.0,2024-01-31,Buy,2024-02-29
152,24328,56.0,2024-01-31,Buy,2024-02-29
153,24643,35.0,2024-01-31,Buy,2024-02-29
154,24766,4.0,2024-01-31,Buy,2024-02-29
155,24985,28.0,2024-01-31,Buy,2024-02-29
156,25081,36.0,2024-01-31,Buy,2024-02-29
157,25232,29.0,2024-01-31,Buy,2024-02-29
158,25320,47.0,2024-01-31,Buy,2024-02-29
159,25419,18.0,2024-01-31,Buy,2024-02-29
160,25582,9.0,2024-01-31,Buy,2024-02-29
161,25785,162.0,2024-01-31,Buy,2024-02-29
162,25953,13.0,2024-01-31,Buy,2024-02-29
163,26403,20.0,2024-01-31,Buy,2024-02-29
164,26710,27.0,2024-01-31,Buy,2024-02-29
165,26825,38.0,2024-01-31,Buy,2024-02-29
166,27828,69.0,2024-01-31,Buy,2024-02-29
167,27887,51.0,2024-01-31,Buy,2024-02-29
168,27959,20.0,2024-01-31,Buy,2024-02-29
169,27991,29.0,2024-01-31,Buy,2024-02-29
170,28222,7.0,2024-01-31,Buy,2024-02-29
171,28484,14.0,2024-01-31,Buy,2024-02-29
172,29946,36.0,2024-01-31,Buy,2024-02-29
173,30681,22.0,2024-01-31,Buy,2024-02-29
174,32870,69.0,2024-01-31,Buy,2024-02-29
175,32942,5.0,2024-01-31,Buy,2024-02-29
176,32986,17.0,2024-01-31,Buy,2024-02-29
177,34032,29.0,2024-01-31,Buy,2024-02-29
178,34746,55.0,2024-01-31,Buy,2024-02-29
179,34817,10.0,2024-01-31,Buy,2024-02-29
180,34833,34.0,2024-01-31,Buy,2024-02-29
181,35044,107.0,2024-01-31,Buy,2024-02-29
182,35554,14.0,2024-01-31,Buy,2024-02-29
183,36003,46.0,2024-01-31,Buy,2024-02-29
184,36468,6.0,2024-01-31,Buy,2024-02-29
185,37584,71.0,2024-01-31,Buy,2024-02-29
186,38093,8.0,2024-01-31,Buy,2024-02-29
187,38156,57.0,2024-01-31,Buy,2024-02-29
188,38703,39.0,2024-01-31,Buy,2024-02-29
189,38762,77.0,2024-01-31,Buy,2024-02-29
190,39490,63.0,2024-01-31,Buy,2024-02-29
191,39642,8.0,2024-01-31,Buy,2024-02-29
192,39917,61.0,2024-01-31,Buy,2024-02-29
193,40272,24.0,2024-01-31,Buy,2024-02-29
194,40539,21.0,2024-01-31,Buy,2024-02-29
195,41080,8.0,2024-01-31,Buy,2024-02-29
196,41355,4.0,2024-01-31,Buy,2024-02-29
197,42200,18.0,2024-01-31,Buy,2024-02-29
198,42585,15.0,2024-01-31,Buy,2024-02-29
199,42877,9.0,2024-01-31,Buy,2024-02-29
200,42906,157.0,2024-01-31,Buy,2024-02-29
201,43350,20.0,2024-01-31,Buy,2024-02-29
202,43449,6.0,2024-01-31,Buy,2024-02-29
203,43553,115.0,2024-01-31,Buy,2024-02-29
204,44206,36.0,2024-01-31,Buy,2024-02-29
205,44329,8.0,2024-01-31,Buy,2024-02-29
206,44601,10.0,2024-01-31,Buy,2024-02-29
207,44644,8.0,2024-01-31,Buy,2024-02-29
208,45356,37.0,2024-01-31,Buy,2024-02-29
209,45751,10.0,2024-01-31,Buy,2024-02-29
210,45911,18.0,2024-01-31,Buy,2024-02-29
211,46578,13.0,2024-01-31,Buy,2024-02-29
212,46674,14.0,2024-01-31,Buy,2024-02-29
213,46703,104.0,2024-01-31,Buy,2024-02-29
214,46886,3.0,2024-01-31,Buy,2024-02-29
215,47896,11.0,2024-01-31,Buy,2024-02-29
216,48486,2.0,2024-01-31,Buy,2024-02-29
217,48506,5.0,2024-01-31,Buy,2024-02-29
218,48653,5.0,2024-01-31,Buy,2024-02-29
219,48725,8.0,2024-01-31,Buy,2024-02-29
220,49154,14.0,2024-01-31,Buy,2024-02-29
221,49656,36.0,2024-01-31,Buy,2024-02-29
222,49680,8.0,2024-01-31,Buy,2024-02-29
223,50876,3.0,2024-01-31,Buy,2024-02-29
224,51369,19.0,2024-01-31,Buy,2024-02-29
225,52038,24.0,2024-01-31,Buy,2024-02-29
226,52090,29.0,2024-01-31,Buy,2024-02-29
227,52230,25.0,2024-01-31,Buy,2024-02-29
228,52329,14.0,2024-01-31,Buy,2024-02-29
229,52476,7.0,2024-01-31,Buy,2024-02-29
230,52695,2.0,2024-01-31,Buy,2024-02-29
231,52708,13.0,2024-01-31,Buy,2024-02-29
232,52978,40.0,2024-01-31,Buy,2024-02-29
233,53065,60.0,2024-01-31,Buy,2024-02-29
234,53613,22.0,2024-01-31,Buy,2024-02-29
235,54148,19.0,2024-01-31,Buy,2024-02-29
236,55976,12.0,2024-01-31,Buy,2024-02-29
237,56274,72.0,2024-01-31,Buy,2024-02-29
238,56573,7.0,2024-01-31,Buy,2024-02-29
239,57568,36.0,2024-01-31,Buy,2024-02-29
240,57665,19.0,2024-01-31,Buy,2024-02-29
241,57809,7.0,2024-01-31,Buy,2024-02-29
242,57904,23.0,2024-01-31,Buy,2024-02-29
243,58246,25.0,2024-01-31,Buy,2024-02-29
244,58413,19.0,2024-01-31,Buy,2024-02-29
245,58683,66.0,2024-01-31,Buy,2024-02-29
246,58819,41.0,2024-01-31,Buy,2024-02-29
247,59176,9.0,2024-01-31,Buy,2024-02-29
248,59248,32.0,2024-01-31,Buy,2024-02-29
249,59300,55.0,2024-01-31,Buy,2024-02-29
250,59328,44.0,2024-01-31,Buy,2024-02-29
251,59408,58.0,2024-01-31,Buy,2024-02-29
252,59459,9.0,2024-01-31,Buy,2024-02-29
253,60097,22.0,2024-01-31,Buy,2024-02-29
254,60206,6.0,2024-01-31,Buy,2024-02-29
255,60442,13.0,2024-01-31,Buy,2024-02-29
256,60506,19.0,2024-01-31,Buy,2024-02-29
257,60628,8.0,2024-01-31,Buy,2024-02-29
258,60871,10.0,2024-01-31,Buy,2024-02-29
259,61241,11.0,2024-01-31,Buy,2024-02-29
260,61399,9.0,2024-01-31,Buy,2024-02-29
261,61516,6.0,2024-01-31,Buy,2024-02-29
262,61621,16.0,2024-01-31,Buy,2024-02-29
263,61735,6.0,2024-01-31,Buy,2024-02-29
264,62092,3.0,2024-01-31,Buy,2024-02-29
265,62148,56.0,2024-01-31,Buy,2024-02-29
266,62308,16.0,2024-01-31,Buy,2024-02-29
267,62498,5.0,2024-01-31,Buy,2024-02-29
268,63467,25.0,2024-01-31,Buy,2024-02-29
269,64186,6.0,2024-01-31,Buy,2024-02-29
270,64282,44.0,2024-01-31,Buy,2024-02-29
271,64311,8.0,2024-01-31,Buy,2024-02-29
272,64390,11.0,2024-01-31,Buy,2024-02-29
273,64653,7.0,2024-01-31,Buy,2024-02-29
274,64936,43.0,2024-01-31,Buy,2024-02-29
275,64995,130.0,2024-01-31,Buy,2024-02-29
276,65402,25.0,2024-01-31,Buy,2024-02-29
277,65541,5.0,2024-01-31,Buy,2024-02-29
278,65875,47.0,2024-01-31,Buy,2024-02-29
279,65947,23.0,2024-01-31,Buy,2024-02-29
280,66093,113.0,2024-01-31,Buy,2024-02-29
281,66157,48.0,2024-01-31,Buy,2024-02-29
282,66181,5.0,2024-01-31,Buy,2024-02-29
283,66384,33.0,2024-01-31,Buy,2024-02-29
284,66800,28.0,2024-01-31,Buy,2024-02-29
285,67598,108.0,2024-01-31,Buy,2024-02-29
286,69032,22.0,2024-01-31,Buy,2024-02-29
287,69649,18.0,2024-01-31,Buy,2024-02-29
288,69796,8.0,2024-01-31,Buy,2024-02-29
289,70519,35.0,2024-01-31,Buy,2024-02-29
290,70578,10.0,2024-01-31,Buy,2024-02-29
291,71563,51.0,2024-01-31,Buy,2024-02-29
292,72726,27.0,2024-01-31,Buy,2024-02-29
293,73139,5.0,2024-01-31,Buy,2024-02-29
294,75034,70.0,2024-01-31,Buy,2024-02-29
295,75154,108.0,2024-01-31,Buy,2024-02-29
296,75186,31.0,2024-01-31,Buy,2024-02-29
297,75241,8.0,2024-01-31,Buy,2024-02-29
298,75510,3.0,2024-01-31,Buy,2024-02-29
299,75591,9.0,2024-01-31,Buy,2024-02-29
300,75607,85.0,2024-01-31,Buy,2024-02-29
301,75694,28.0,2024-01-31,Buy,2024-02-29
302,75819,43.0,2024-01-31,Buy,2024-02-29
303,75825,17.0,2024-01-31,Buy,2024-02-29
304,75828,14.0,2024-01-31,Buy,2024-02-29
305,75912,11.0,2024-01-31,Buy,2024-02-29
306,76076,39.0,2024-01-31,Buy,2024-02-29
307,76082,80.0,2024-01-31,Buy,2024-02-29
308,76095,26.0,2024-01-31,Buy,2024-02-29
309,76185,4.0,2024-01-31,Buy,2024-02-29
310,76226,130.0,2024-01-31,Buy,2024-02-29
311,76230,37.0,2024-01-31,Buy,2024-02-29
312,76614,2.0,2024-01-31,Buy,2024-02-29
313,76709,3.0,2024-01-31,Buy,2024-02-29
314,76712,119.0,2024-01-31,Buy,2024-02-29
315,76744,4.0,2024-01-31,Buy,2024-02-29
316,76795,7.0,2024-01-31,Buy,2024-02-29
317,76841,8.0,2024-01-31,Buy,2024-02-29
318,77037,5.0,2024-01-31,Buy,2024-02-29
319,77129,99.0,2024-01-31,Buy,2024-02-29
320,77178,12.0,2024-01-31,Buy,2024-02-29
321,77274,25.0,2024-01-31,Buy,2024-02-29
322,77338,3.0,2024-01-31,Buy,2024-02-29
323,77357,3.0,2024-01-31,Buy,2024-02-29
324,77496,18.0,2024-01-31,Buy,2024-02-29
325,77605,31.0,2024-01-31,Buy,2024-02-29
326,77649,9.0,2024-01-31,Buy,2024-02-29
327,77661,13.0,2024-01-31,Buy,2024-02-29
328,77702,21.0,2024-01-31,Buy,2024-02-29
329,77730,36.0,2024-01-31,Buy,2024-02-29
330,78975,3.0,2024-01-31,Buy,2024-02-29
331,78987,22.0,2024-01-31,Buy,2024-02-29
332,79057,8.0,2024-01-31,Buy,2024-02-29
333,79094,15.0,2024-01-31,Buy,2024-02-29
334,79103,1.0,2024-01-31,Buy,2024-02-29
335,79145,14.0,2024-01-31,Buy,2024-02-29
336,79323,12.0,2024-01-31,Buy,2024-02-29
337,79452,21.0,2024-01-31,Buy,2024-02-29
338,79545,58.0,2024-01-31,Buy,2024-02-29
339,79547,33.0,2024-01-31,Buy,2024-02-29
340,79637,12.0,2024-01-31,Buy,2024-02-29
341,79698,4.0,2024-01-31,Buy,2024-02-29
342,79782,31.0,2024-01-31,Buy,2024-02-29
343,79906,34.0,2024-01-31,Buy,2024-02-29
344,80080,22.0,2024-01-31,Buy,2024-02-29
345,80100,14.0,2024-01-31,Buy,2024-02-29
346,80183,15.0,2024-01-31,Buy,2024-02-29
347,80191,16.0,2024-01-31,Buy,2024-02-29
348,80204,3.0,2024-01-31,Buy,2024-02-29
349,80286,8.0,2024-01-31,Buy,2024-02-29
350,80320,41.0,2024-01-31,Buy,2024-02-29
351,80381,11.0,2024-01-31,Buy,2024-02-29
352,80681,8.0,2024-01-31,Buy,2024-02-29
353,81045,36.0,2024-01-31,Buy,2024-02-29
354,81055,14.0,2024-01-31,Buy,2024-02-29
355,81061,4.0,2024-01-31,Buy,2024-02-29
356,81481,15.0,2024-01-31,Buy,2024-02-29
357,81540,9.0,2024-01-31,Buy,2024-02-29
358,81655,12.0,2024-01-31,Buy,2024-02-29
359,81677,15.0,2024-01-31,Buy,2024-02-29
360,81736,10.0,2024-01-31,Buy,2024-02-29
361,81774,47.0,2024-01-31,Buy,2024-02-29
362,82276,24.0,2024-01-31,Buy,2024-02-29
363,82303,5.0,2024-01-31,Buy,2024-02-29
364,82307,18.0,2024-01-31,Buy,2024-02-29
365,82515,5.0,2024-01-31,Buy,2024-02-29
366,82581,26.0,2024-01-31,Buy,2024-02-29
367,82598,22.0,2024-01-31,Buy,2024-02-29
368,82642,15.0,2024-01-31,Buy,2024-02-29
369,82651,6.0,2024-01-31,Buy,2024-02-29
370,82775,22.0,2024-01-31,Buy,2024-02-29
371,83143,29.0,2024-01-31,Buy,2024-02-29
372,83443,5.0,2024-01-31,Buy,2024-02-29
373,83597,4.0,2024-01-31,Buy,2024-02-29
374,83621,5.0,2024-01-31,Buy,2024-02-29
375,84129,45.0,2024-01-31,Buy,2024-02-29
376,84262,16.0,2024-01-31,Buy,2024-02-29
377,84373,15.0,2024-01-31,Buy,2024-02-29
378,84381,7.0,2024-01-31,Buy,2024-02-29
379,84761,12.0,2024-01-31,Buy,2024-02-29
380,84767,16.0,2024-01-31,Buy,2024-02-29
381,84769,19.0,2024-01-31,Buy,2024-02-29
382,84788,12.0,2024-01-31,Buy,2024-02-29
383,85035,19.0,2024-01-31,Buy,2024-02-29
384,85058,30.0,2024-01-31,Buy,2024-02-29
385,85072,13.0,2024-01-31,Buy,2024-02-29
386,85257,12.0,2024-01-31,Buy,2024-02-29
387,85269,14.0,2024-01-31,Buy,2024-02-29
388,85348,15.0,2024-01-31,Buy,2024-02-29
389,85459,23.0,2024-01-31,Buy,2024-02-29
390,85592,15.0,2024-01-31,Buy,2024-02-29
391,85621,1.0,2024-01-31,Buy,2024-02-29
392,85631,7.0,2024-01-31,Buy,2024-02-29
393,85663,3.0,2024-01-31,Buy,2024-02-29
394,85753,10.0,2024-01-31,Buy,2024-02-29
395,85792,10.0,2024-01-31,Buy,2024-02-29
396,85913,8.0,2024-01-31,Buy,2024-02-29
397,85914,27.0,2024-01-31,Buy,2024-02-29
398,86111,10.0,2024-01-31,Buy,2024-02-29
399,86136,27.0,2024-01-31,Buy,2024-02-29
400,86158,25.0,2024-01-31,Buy,2024-02-29
401,86228,11.0,2024-01-31,Buy,2024-02-29
402,86288,23.0,2024-01-31,Buy,2024-02-29
403,86339,18.0,2024-01-31,Buy,2024-02-29
404,86356,48.0,2024-01-31,Buy,2024-02-29
405,86580,3.0,2024-01-31,Buy,2024-02-29
406,86868,5.0,2024-01-31,Buy,2024-02-29
407,86964,10.0,2024-01-31,Buy,2024-02-29
408,86979,54.0,2024-01-31,Buy,2024-02-29
409,86996,8.0,2024-01-31,Buy,2024-02-29
410,87055,2.0,2024-01-31,Buy,2024-02-29
411,87137,47.0,2024-01-31,Buy,2024-02-29
412,87267,2.0,2024-01-31,Buy,2024-02-29
413,87299,16.0,2024-01-31,Buy,2024-02-29
414,87432,15.0,2024-01-31,Buy,2024-02-29
415,87445,4.0,2024-01-31,Buy,2024-02-29
416,87447,14.0,2024-01-31,Buy,2024-02-29
417,87541,12.0,2024-01-31,Buy,2024-02-29
418,87657,25.0,2024-01-31,Buy,2024-02-29
419,87717,15.0,2024-01-31,Buy,2024-02-29
420,87842,28.0,2024-01-31,Buy,2024-02-29
421,88031,36.0,2024-01-31,Buy,2024-02-29
422,88182,26.0,2024-01-31,Buy,2024-02-29
423,88281,9.0,2024-01-31,Buy,2024-02-29
424,88352,5.0,2024-01-31,Buy,2024-02-29
425,88446,13.0,2024-01-31,Buy,2024-02-29
426,88661,51.0,2024-01-31,Buy,2024-02-29
427,88664,12.0,2024-01-31,Buy,2024-02-29
428,88837,16.0,2024-01-31,Buy,2024-02-29
429,88860,7.0,2024-01-31,Buy,2024-02-29
430,88873,15.0,2024-01-31,Buy,2024-02-29
431,89003,32.0,2024-01-31,Buy,2024-02-29
432,89006,26.0,2024-01-31,Buy,2024-02-29
433,89017,8.0,2024-01-31,Buy,2024-02-29
434,89031,8.0,2024-01-31,Buy,2024-02-29
435,89070,15.0,2024-01-31,Buy,2024-02-29
436,89071,5.0,2024-01-31,Buy,2024-02-29
437,89138,22.0,2024-01-31,Buy,2024-02-29
438,89179,4.0,2024-01-31,Buy,2024-02-29
439,89195,25.0,2024-01-31,Buy,2024-02-29
440,89258,19.0,2024-01-31,Buy,2024-02-29
441,89269,26.0,2024-01-31,Buy,2024-02-29
442,89393,3.0,2024-01-31,Buy,2024-02-29
443,89508,26.0,2024-01-31,Buy,2024-02-29
444,89525,42.0,2024-01-31,Buy,2024-02-29
445,89533,21.0,2024-01-31,Buy,2024-02-29
446,89617,2.0,2024-01-31,Buy,2024-02-29
447,89626,10.0,2024-01-31,Buy,2024-02-29
448,89641,22.0,2024-01-31,Buy,2024-02-29
449,89781,5.0,2024-01-31,Buy,2024-02-29
450,89866,42.0,2024-01-31,Buy,2024-02-29
451,90038,11.0,2024-01-31,Buy,2024-02-29
452,90071,37.0,2024-01-31,Buy,2024-02-29
453,90199,22.0,2024-01-31,Buy,2024-02-29
454,90215,6.0,2024-01-31,Buy,2024-02-29
455,90248,4.0,2024-01-31,Buy,2024-02-29
456,90305,13.0,2024-01-31,Buy,2024-02-29
457,90319,13.0,2024-01-31,Buy,2024-02-29
458,90373,14.0,2024-01-31,Buy,2024-02-29
459,90386,65.0,2024-01-31,Buy,2024-02-29
460,90454,8.0,2024-01-31,Buy,2024-02-29
461,90455,3.0,2024-01-31,Buy,2024-02-29
462,90505,40.0,2024-01-31,Buy,2024-02-29
463,90520,12.0,2024-01-31,Buy,2024-02-29
464,90601,34.0,2024-01-31,Buy,2024-02-29
465,90664,15.0,2024-01-31,Buy,2024-02-29
466,90720,10.0,2024-01-31,Buy,2024-02-29
467,90808,12.0,2024-01-31,Buy,2024-02-29
468,90829,26.0,2024-01-31,Buy,2024-02-29
469,90880,5.0,2024-01-31,Buy,2024-02-29
470,90993,15.0,2024-01-31,Buy,2024-02-29
471,91041,22.0,2024-01-31,Buy,2024-02-29
472,91103,48.0,2024-01-31,Buy,2024-02-29
473,91152,1.0,2024-01-31,Buy,2024-02-29
474,91233,4.0,2024-01-31,Buy,2024-02-29
475,91547,18.0,2024-01-31,Buy,2024-02-29
476,91556,14.0,2024-01-31,Buy,2024-02-29
477,91611,13.0,2024-01-31,Buy,2024-02-29
478,91849,9.0,2024-01-31,Buy,2024-02-29
479,91926,51.0,2024-01-31,Buy,2024-02-29
480,91937,12.0,2024-01-31,Buy,2024-02-29
481,92050,10.0,2024-01-31,Buy,2024-02-29
482,92108,15.0,2024-01-31,Buy,2024-02-29
483,92121,18.0,2024-01-31,Buy,2024-02-29
484,92157,14.0,2024-01-31,Buy,2024-02-29
485,92203,4.0,2024-01-31,Buy,2024-02-29
486,92322,3.0,2024-01-31,Buy,2024-02-29
487,92402,3.0,2024-01-31,Buy,2024-02-29
488,92602,22.0,2024-01-31,Buy,2024-02-29
489,92611,7.0,2024-01-31,Buy,2024-02-29
490,92614,16.0,2024-01-31,Buy,2024-02-29
491,92655,3.0,2024-01-31,Buy,2024-02-29
492,93002,1.0,2024-01-31,Buy,2024-02-29
493,93089,8.0,2024-01-31,Buy,2024-02-29
494,93096,15.0,2024-01-31,Buy,2024-02-29
495,93132,31.0,2024-01-31,Buy,2024-02-29
496,93246,16.0,2024-01-31,Buy,2024-02-29
497,93429,11.0,2024-01-31,Buy,2024-02-29
498,93436,10.0,2024-01-31,Buy,2024-02-29
499,rf,15.0,2024-01-31,Buy,2024-02-29
0,13721,102.0,2024-02-29,Buy,2024-03-29
1,13901,2.0,2024-02-29,Buy,2024-03-29
2,15408,1420.0,2024-02-29,Buy,2024-03-29
3,16600,103.0,2024-02-29,Buy,2024-03-29
4,16678,179.0,2024-02-29,Buy,2024-03-29
5,17144,1656.0,2024-02-29,Buy,2024-03-29
6,18729,72.0,2024-02-29,Buy,2024-03-29
7,19393,262.0,2024-02-29,Buy,2024-03-29
8,21178,3.0,2024-02-29,Buy,2024-03-29
9,22111,133.0,2024-02-29,Buy,2024-03-29
10,22752,394.0,2024-02-29,Buy,2024-03-29
11,23393,30.0,2024-02-29,Buy,2024-03-29
12,23876,4605.0,2024-02-29,Buy,2024-03-29
13,24174,810.0,2024-02-29,Buy,2024-03-29
14,25320,2451.0,2024-02-29,Buy,2024-03-29
15,26825,501.0,2024-02-29,Buy,2024-03-29
16,32870,304.0,2024-02-29,Buy,2024-03-29
17,42585,647.0,2024-02-29,Buy,2024-03-29
18,48653,161.0,2024-02-29,Buy,2024-03-29
19,56274,1041.0,2024-02-29,Buy,2024-03-29
20,81061,144.0,2024-02-29,Buy,2024-03-29
21,81540,78.0,2024-02-29,Buy,2024-03-29
22,92655,2.0,2024-02-29,Buy,2024-03-29
23,93429,54.0,2024-02-29,Buy,2024-03-29
24,rf,1180.0,2024-02-29,Buy,2024-03-29
0,13721,91.0,2024-03-29,Buy,2024-04-30
1,13856,3.0,2024-03-29,Buy,2024-04-30
2,15408,790.0,2024-03-29,Buy,2024-04-30
3,16431,6.0,2024-03-29,Buy,2024-04-30
4,16600,121.0,2024-03-29,Buy,2024-04-30
5,16678,9.0,2024-03-29,Buy,2024-04-30
6,17144,1620.0,2024-03-29,Buy,2024-04-30
7,19393,262.0,2024-03-29,Buy,2024-04-30
8,22111,106.0,2024-03-29,Buy,2024-04-30
9,22752,321.0,2024-03-29,Buy,2024-04-30
10,23876,4345.0,2024-03-29,Buy,2024-04-30
11,24174,800.0,2024-03-29,Buy,2024-04-30
12,25320,2587.0,2024-03-29,Buy,2024-04-30
13,26825,293.0,2024-03-29,Buy,2024-04-30
14,32870,302.0,2024-03-29,Buy,2024-04-30
15,36003,2.0,2024-03-29,Buy,2024-04-30
16,42585,667.0,2024-03-29,Buy,2024-04-30
17,48653,182.0,2024-03-29,Buy,2024-04-30
18,56274,1097.0,2024-03-29,Buy,2024-04-30
19,59248,4.0,2024-03-29,Buy,2024-04-30
20,64390,1.0,2024-03-29,Buy,2024-04-30
21,81061,164.0,2024-03-29,Buy,2024-04-30
22,81540,106.0,2024-03-29,Buy,2024-04-30
23,89179,1.0,2024-03-29,Buy,2024-04-30
24,92655,6.0,2024-03-29,Buy,2024-04-30
25,93429,130.0,2024-03-29,Buy,2024-04-30
26,rf,1346.0,2024-03-29,Buy,2024-04-30
0,13721,47.0,2024-04-30,Buy,2024-05-31
1,15408,502.0,2024-04-30,Buy,2024-05-31
2,16600,83.0,2024-04-30,Buy,2024-05-31
3,17144,1400.0,2024-04-30,Buy,2024-05-31
4,17743,6.0,2024-04-30,Buy,2024-05-31
5,21178,3.0,2024-04-30,Buy,2024-05-31
6,21371,4.0,2024-04-30,Buy,2024-05-31
7,22111,69.0,2024-04-30,Buy,2024-05-31
8,22752,210.0,2024-04-30,Buy,2024-05-31
9,23393,7.0,2024-04-30,Buy,2024-05-31
10,23876,3225.0,2024-04-30,Buy,2024-05-31
11,24174,390.0,2024-04-30,Buy,2024-05-31
12,24766,10.0,2024-04-30,Buy,2024-05-31
13,25320,2098.0,2024-04-30,Buy,2024-05-31
14,26825,335.0,2024-04-30,Buy,2024-05-31
15,32870,109.0,2024-04-30,Buy,2024-05-31
16,42585,520.0,2024-04-30,Buy,2024-05-31
17,48653,120.0,2024-04-30,Buy,2024-05-31
18,56274,883.0,2024-04-30,Buy,2024-05-31
19,81061,136.0,2024-04-30,Buy,2024-05-31
20,81540,92.0,2024-04-30,Buy,2024-05-31
21,86228,2.0,2024-04-30,Buy,2024-05-31
22,89626,3.0,2024-04-30,Buy,2024-05-31
23,92655,14.0,2024-04-30,Buy,2024-05-31
24,93429,157.0,2024-04-30,Buy,2024-05-31
25,rf,1047.0,2024-04-30,Buy,2024-05-31
26,24877,1961.0,2024-04-30,Buy,2024-05-31
27,24878,780.0,2024-04-30,Buy,2024-05-31
0,13721,44.0,2024-05-31,Buy,2024-06-28
1,15408,766.0,2024-05-31,Buy,2024-06-28
2,16600,88.0,2024-05-31,Buy,2024-06-28
3,16678,353.0,2024-05-31,Buy,2024-06-28
4,17144,1438.0,2024-05-31,Buy,2024-06-28
5,17942,40.0,2024-05-31,Buy,2024-06-28
6,18729,3.0,2024-05-31,Buy,2024-06-28
7,21178,14.0,2024-05-31,Buy,2024-06-28
8,21371,172.0,2024-05-31,Buy,2024-06-28
9,22111,73.0,2024-05-31,Buy,2024-06-28
10,22752,210.0,2024-05-31,Buy,2024-06-28
11,23393,10.0,2024-05-31,Buy,2024-06-28
12,23876,1884.0,2024-05-31,Buy,2024-06-28
13,24174,147.0,2024-05-31,Buy,2024-06-28
14,24766,37.0,2024-05-31,Buy,2024-06-28
15,25320,2403.0,2024-05-31,Buy,2024-06-28
16,26825,244.0,2024-05-31,Buy,2024-06-28
17,42585,559.0,2024-05-31,Buy,2024-06-28
18,48653,90.0,2024-05-31,Buy,2024-06-28
19,56274,1138.0,2024-05-31,Buy,2024-06-28
20,76841,6.0,2024-05-31,Buy,2024-06-28
21,79906,5.0,2024-05-31,Buy,2024-06-28
22,81061,163.0,2024-05-31,Buy,2024-06-28
23,81540,193.0,2024-05-31,Buy,2024-06-28
24,89626,9.0,2024-05-31,Buy,2024-06-28
25,92655,15.0,2024-05-31,Buy,2024-06-28
26,93429,208.0,2024-05-31,Buy,2024-06-28
27,rf,967.0,2024-05-31,Buy,2024-06-28
28,24877,1914.0,2024-05-31,Buy,2024-06-28
29,24878,443.0,2024-05-31,Buy,2024-06-28
0,11955,37.0,2024-06-28,Buy,2024-07-31
1,13721,87.0,2024-06-28,Buy,2024-07-31
2,15408,633.0,2024-06-28,Buy,2024-07-31
3,16600,119.0,2024-06-28,Buy,2024-07-31
4,16678,613.0,2024-06-28,Buy,2024-07-31
5,17144,1533.0,2024-06-28,Buy,2024-07-31
6,17942,37.0,2024-06-28,Buy,2024-07-31
7,21178,38.0,2024-06-28,Buy,2024-07-31
8,21371,226.0,2024-06-28,Buy,2024-07-31
9,22111,43.0,2024-06-28,Buy,2024-07-31
10,22752,194.0,2024-06-28,Buy,2024-07-31
11,23393,15.0,2024-06-28,Buy,2024-07-31
12,23876,501.0,2024-06-28,Buy,2024-07-31
13,24766,74.0,2024-06-28,Buy,2024-07-31
14,25320,2126.0,2024-06-28,Buy,2024-07-31
15,26825,272.0,2024-06-28,Buy,2024-07-31
16,42585,572.0,2024-06-28,Buy,2024-07-31
17,48653,65.0,2024-06-28,Buy,2024-07-31
18,56274,1184.0,2024-06-28,Buy,2024-07-31
19,64390,46.0,2024-06-28,Buy,2024-07-31
20,76841,22.0,2024-06-28,Buy,2024-07-31
21,81061,183.0,2024-06-28,Buy,2024-07-31
22,81540,289.0,2024-06-28,Buy,2024-07-31
23,89626,42.0,2024-06-28,Buy,2024-07-31
24,92655,23.0,2024-06-28,Buy,2024-07-31
25,93429,345.0,2024-06-28,Buy,2024-07-31
26,rf,760.0,2024-06-28,Buy,2024-07-31
27,24877,1611.0,2024-06-28,Buy,2024-07-31
28,24878,207.0,2024-06-28,Buy,2024-07-31
0,13721,136.0,2024-07-31,Buy,2024-08-30
1,13856,6.0,2024-07-31,Buy,2024-08-30
2,15408,449.0,2024-07-31,Buy,2024-08-30
3,16678,164.0,2024-07-31,Buy,2024-08-30
4,17144,1687.0,2024-07-31,Buy,2024-08-30
5,21178,55.0,2024-07-31,Buy,2024-08-30
6,22111,93.0,2024-07-31,Buy,2024-08-30
7,22752,78.0,2024-07-31,Buy,2024-08-30
8,23393,83.0,2024-07-31,Buy,2024-08-30
9,24766,71.0,2024-07-31,Buy,2024-08-30
10,25320,2117.0,2024-07-31,Buy,2024-08-30
11,26825,354.0,2024-07-31,Buy,2024-08-30
12,42585,482.0,2024-07-31,Buy,2024-08-30
13,48653,73.0,2024-07-31,Buy,2024-08-30
14,56274,1209.0,2024-07-31,Buy,2024-08-30
15,64390,150.0,2024-07-31,Buy,2024-08-30
16,65875,2.0,2024-07-31,Buy,2024-08-30
17,76841,199.0,2024-07-31,Buy,2024-08-30
18,81061,96.0,2024-07-31,Buy,2024-08-30
19,81540,201.0,2024-07-31,Buy,2024-08-30
20,89626,72.0,2024-07-31,Buy,2024-08-30
21,92655,21.0,2024-07-31,Buy,2024-08-30
22,93429,364.0,2024-07-31,Buy,2024-08-30
23,rf,769.0,2024-07-31,Buy,2024-08-30
24,24877,1964.0,2024-07-31,Buy,2024-08-30
25,25146,1998.0,2024-07-31,Buy,2024-08-30
0,11308,39.0,2024-08-30,Buy,2024-09-30
1,11404,131.0,2024-08-30,Buy,2024-09-30
2,11955,13.0,2024-08-30,Buy,2024-09-30
3,13721,57.0,2024-08-30,Buy,2024-09-30
4,13856,45.0,2024-08-30,Buy,2024-09-30
5,15408,93.0,2024-08-30,Buy,2024-09-30
6,16678,142.0,2024-08-30,Buy,2024-09-30
7,17144,1840.0,2024-08-30,Buy,2024-09-30
8,17750,18.0,2024-08-30,Buy,2024-09-30
9,17942,178.0,2024-08-30,Buy,2024-09-30
10,18163,16.0,2024-08-30,Buy,2024-09-30
11,18729,95.0,2024-08-30,Buy,2024-09-30
12,21178,64.0,2024-08-30,Buy,2024-09-30
13,21371,11.0,2024-08-30,Buy,2024-09-30
14,21936,55.0,2024-08-30,Buy,2024-09-30
15,22111,131.0,2024-08-30,Buy,2024-09-30
16,22752,61.0,2024-08-30,Buy,2024-09-30
17,23393,347.0,2024-08-30,Buy,2024-09-30
18,23536,6.0,2024-08-30,Buy,2024-09-30
19,24766,84.0,2024-08-30,Buy,2024-09-30
20,25320,2323.0,2024-08-30,Buy,2024-09-30
21,26825,1441.0,2024-08-30,Buy,2024-09-30
22,42585,453.0,2024-08-30,Buy,2024-09-30
23,48653,30.0,2024-08-30,Buy,2024-09-30
24,56274,788.0,2024-08-30,Buy,2024-09-30
25,64390,53.0,2024-08-30,Buy,2024-09-30
26,65875,30.0,2024-08-30,Buy,2024-09-30
27,76841,98.0,2024-08-30,Buy,2024-09-30
28,81061,172.0,2024-08-30,Buy,2024-09-30
29,81540,260.0,2024-08-30,Buy,2024-09-30
30,89626,85.0,2024-08-30,Buy,2024-09-30
31,92655,30.0,2024-08-30,Buy,2024-09-30
32,93429,527.0,2024-08-30,Buy,2024-09-30
33,rf,663.0,2024-08-30,Buy,2024-09-30
34,24877,566.0,2024-08-30,Buy,2024-09-30
35,25146,67.0,2024-08-30,Buy,2024-09-30
0,11404,168.0,2024-09-30,Buy,2024-10-31
1,16600,4.0,2024-09-30,Buy,2024-10-31
2,17144,2511.0,2024-09-30,Buy,2024-10-31
3,18729,14.0,2024-09-30,Buy,2024-10-31
4,21178,20.0,2024-09-30,Buy,2024-10-31
5,22111,12.0,2024-09-30,Buy,2024-10-31
6,23393,651.0,2024-09-30,Buy,2024-10-31
7,23931,71.0,2024-09-30,Buy,2024-10-31
8,24766,8.0,2024-09-30,Buy,2024-10-31
9,25320,3310.0,2024-09-30,Buy,2024-10-31
10,26825,1729.0,2024-09-30,Buy,2024-10-31
11,42585,490.0,2024-09-30,Buy,2024-10-31
12,48653,46.0,2024-09-30,Buy,2024-10-31
13,56274,714.0,2024-09-30,Buy,2024-10-31
14,64390,5.0,2024-09-30,Buy,2024-10-31
15,76841,150.0,2024-09-30,Buy,2024-10-31
16,81061,214.0,2024-09-30,Buy,2024-10-31
17,81540,241.0,2024-09-30,Buy,2024-10-31
18,89626,26.0,2024-09-30,Buy,2024-10-31
19,92655,12.0,2024-09-30,Buy,2024-10-31
20,93429,702.0,2024-09-30,Buy,2024-10-31
21,rf,640.0,2024-09-30,Buy,2024-10-31
22,24877,34.0,2024-09-30,Buy,2024-10-31
0,11308,15.0,2024-10-31,Buy,2024-11-29
1,11404,245.0,2024-10-31,Buy,2024-11-29
2,13856,4.0,2024-10-31,Buy,2024-11-29
3,15408,6.0,2024-10-31,Buy,2024-11-29
4,17144,2335.0,2024-10-31,Buy,2024-11-29
5,17942,252.0,2024-10-31,Buy,2024-11-29
6,18163,24.0,2024-10-31,Buy,2024-11-29
7,18411,9.0,2024-10-31,Buy,2024-11-29
8,21178,14.0,2024-10-31,Buy,2024-11-29
9,22111,192.0,2024-10-31,Buy,2024-11-29
10,23393,396.0,2024-10-31,Buy,2024-11-29
11,23536,6.0,2024-10-31,Buy,2024-11-29
12,23931,126.0,2024-10-31,Buy,2024-11-29
13,24766,10.0,2024-10-31,Buy,2024-11-29
14,25320,2782.0,2024-10-31,Buy,2024-11-29
15,26825,1785.0,2024-10-31,Buy,2024-11-29
16,42585,413.0,2024-10-31,Buy,2024-11-29
17,56274,172.0,2024-10-31,Buy,2024-11-29
18,65875,2.0,2024-10-31,Buy,2024-11-29
19,66093,378.0,2024-10-31,Buy,2024-11-29
20,76841,143.0,2024-10-31,Buy,2024-11-29
21,77730,1.0,2024-10-31,Buy,2024-11-29
22,81061,229.0,2024-10-31,Buy,2024-11-29
23,81540,233.0,2024-10-31,Buy,2024-11-29
24,89626,27.0,2024-10-31,Buy,2024-11-29
25,93429,814.0,2024-10-31,Buy,2024-11-29
26,rf,690.0,2024-10-31,Buy,2024-11-29
27,25434,286.0,2024-10-31,Buy,2024-11-29
0,11404,398.0,2024-11-29,Buy,2024-12-29
1,15408,14.0,2024-11-29,Buy,2024-12-29
2,16600,3.0,2024-11-29,Buy,2024-12-29
3,17144,2312.0,2024-11-29,Buy,2024-12-29
4,17750,59.0,2024-11-29,Buy,2024-12-29
5,17942,28.0,2024-11-29,Buy,2024-12-29
6,18163,93.0,2024-11-29,Buy,2024-12-29
7,18411,112.0,2024-11-29,Buy,2024-12-29
8,18729,231.0,2024-11-29,Buy,2024-12-29
9,21178,6.0,2024-11-29,Buy,2024-12-29
10,22111,328.0,2024-11-29,Buy,2024-12-29
11,22752,4.0,2024-11-29,Buy,2024-12-29
12,23026,2.0,2024-11-29,Buy,2024-12-29
13,23393,241.0,2024-11-29,Buy,2024-12-29
14,23931,179.0,2024-11-29,Buy,2024-12-29
15,25320,2430.0,2024-11-29,Buy,2024-12-29
16,26825,1549.0,2024-11-29,Buy,2024-12-29
17,27959,9.0,2024-11-29,Buy,2024-12-29
18,42585,364.0,2024-11-29,Buy,2024-12-29
19,56274,298.0,2024-11-29,Buy,2024-12-29
20,64390,48.0,2024-11-29,Buy,2024-12-29
21,64936,1.0,2024-11-29,Buy,2024-12-29
22,65875,12.0,2024-11-29,Buy,2024-12-29
23,66093,1061.0,2024-11-29,Buy,2024-12-29
24,76841,192.0,2024-11-29,Buy,2024-12-29
25,81061,110.0,2024-11-29,Buy,2024-12-29
26,81540,143.0,2024-11-29,Buy,2024-12-29
27,89626,173.0,2024-11-29,Buy,2024-12-29
28,92655,1.0,2024-11-29,Buy,2024-12-29
29,93429,974.0,2024-11-29,Buy,2024-12-29
30,rf,536.0,2024-11-29,Buy,2024-12-29
31,24877,1.0,2024-11-29,Buy,2024-12-29
